experiment,train_rmse,train_mae,train_r2,test_rmse,test_mae,test_r2
before,265.7483319034667,206.09044101308208,0.9935173329767699,927.0640849517994,790.4477157031249,0.8254776867794326
after,199.94685451329704,160.36461927761772,0.9963288396107387,299.02988671998605,215.14096734374996,0.9818423082026493
