,Close,Open,High,Low,Year
count,2517.0,2517.0,2517.0,2517.0,2517.0
mean,10718.455736988479,10710.81970997219,10784.306543504172,10630.028712753277,2020.1080651569328
std,4484.646077164995,4495.744076880816,4526.66235265966,4459.469325253426,2.915108270896126
min,4266.84,0.0,0.0,0.0,2015.0
25%,6963.85,6959.63,7025.85,6903.39,2018.0
50%,10536.27,10531.64,10608.84,10399.86,2020.0
75%,14047.5,14045.21,14141.07,13952.8,2023.0
max,21713.14,21764.55,21803.75,21645.14,2025.0
